"DESCRIPTION","DURATION IN MS","NAME","PARENT SUITE","START TIME","STATUS","STOP TIME","SUB SUITE","SUITE","TEST CLASS","TEST METHOD"
"","0","Export by month","Chromium","Fri Jan 02 02:01:20 UTC 2026","skipped","Fri Jan 02 02:01:20 UTC 2026","Payslip Tests","salary/payslip.spec.ts","",""
"","1","Edit allowance name","Chromium","Fri Jan 02 02:01:17 UTC 2026","skipped","Fri Jan 02 02:01:17 UTC 2026","Allowance Tests","salary/allowance.spec.ts","",""
"","0","Create with pending status","Chromium","Fri Jan 02 02:01:22 UTC 2026","skipped","Fri Jan 02 02:01:22 UTC 2026","Overtime Ticket Test Suite","timekeeping/overtime-ticket.spec.ts","",""
"","88","Cancel evaluation","Chromium","Fri Jan 02 02:01:05 UTC 2026","failed","Fri Jan 02 02:01:05 UTC 2026","Evaluation Process Tests","evaluation/evaluation-process.spec.ts","",""
"","1","Max length of Evaluation Criteria Description is 500 characters - Kiểm tra tiêu chí đánh giá có độ dài tối đa là 500 ký tự","Chromium","Fri Jan 02 02:01:05 UTC 2026","skipped","Fri Jan 02 02:01:05 UTC 2026","Evaluation Criteria Tests - Kiểm tra tiêu chí đánh giá","evaluation/evaluation-criteria.spec.ts","",""
"","0","Admin create reward with approved status","Chromium","Fri Jan 02 02:01:16 UTC 2026","skipped","Fri Jan 02 02:01:16 UTC 2026","Reward Employee Tests","reward/reward-employee.spec.ts","",""
"","1","Max length of notification description is 501 characters","Chromium","Fri Jan 02 02:01:13 UTC 2026","skipped","Fri Jan 02 02:01:13 UTC 2026","Notification Test Suite","notification/notifition.spec.ts","",""
"","0","Create with formal contract - Tạo hợp đồng chính thức","Chromium","Fri Jan 02 02:01:01 UTC 2026","skipped","Fri Jan 02 02:01:01 UTC 2026","Contract Tests","contract/contract.spec.ts","",""
"","0","Delete allowance","Chromium","Fri Jan 02 02:01:17 UTC 2026","skipped","Fri Jan 02 02:01:17 UTC 2026","Allowance Tests","salary/allowance.spec.ts","",""
"","0","Create position with empty note","Chromium","Fri Jan 02 02:01:14 UTC 2026","skipped","Fri Jan 02 02:01:14 UTC 2026","Position Tests","position.spec.ts","",""
"","1","Search by status","Chromium","Fri Jan 02 02:01:14 UTC 2026","skipped","Fri Jan 02 02:01:14 UTC 2026","Position Tests","position.spec.ts","",""
"","0","Edit resignation reason","Chromium","Fri Jan 02 02:01:15 UTC 2026","skipped","Fri Jan 02 02:01:15 UTC 2026","Resignation Tests","regisnation.spec.ts","",""
"","0","Create with duplicate code","Chromium","Fri Jan 02 02:01:12 UTC 2026","skipped","Fri Jan 02 02:01:12 UTC 2026","Level Test Suite","level.spec.ts","",""
"","0","Create level successfully","Chromium","Fri Jan 02 02:01:12 UTC 2026","skipped","Fri Jan 02 02:01:12 UTC 2026","Level Test Suite","level.spec.ts","",""
"","0","Edit department note successfully","Chromium","Fri Jan 02 02:01:03 UTC 2026","skipped","Fri Jan 02 02:01:03 UTC 2026","Department Test","department.spec.ts","",""
"","91","Max length of reward type name is 255 characters","Chromium","Fri Jan 02 02:01:16 UTC 2026","failed","Fri Jan 02 02:01:16 UTC 2026","Reward Type Tests","reward/reward-type.spec.ts","",""
"","0","Search department by name","Chromium","Fri Jan 02 02:01:03 UTC 2026","skipped","Fri Jan 02 02:01:03 UTC 2026","Department Test","department.spec.ts","",""
"","88","Max length of notification name is 255 characters","Chromium","Fri Jan 02 02:01:13 UTC 2026","failed","Fri Jan 02 02:01:13 UTC 2026","Notification Test Suite","notification/notifition.spec.ts","",""
"","0","Max length of name","Chromium","Fri Jan 02 02:01:12 UTC 2026","skipped","Fri Jan 02 02:01:12 UTC 2026","Level Test Suite","level.spec.ts","",""
"","0","Search with data not exist - Tìm kiếm bảng lương không tồn tại","Chromium","Fri Jan 02 02:01:19 UTC 2026","skipped","Fri Jan 02 02:01:19 UTC 2026","Paysheet Tests","salary/paysheet.spec.ts","",""
"","0","Edit name with duplicate name","Chromium","Fri Jan 02 02:01:12 UTC 2026","skipped","Fri Jan 02 02:01:12 UTC 2026","Level Test Suite","level.spec.ts","",""
"","0","Max length note 255 character - Ghi chú tối đa 255 ký tự","Chromium","Fri Jan 02 02:01:02 UTC 2026","skipped","Fri Jan 02 02:01:02 UTC 2026","Term Tests","contract/term.spec.ts","",""
"","0","Edit team code","Chromium","Fri Jan 02 02:01:20 UTC 2026","skipped","Fri Jan 02 02:01:20 UTC 2026","Team","team.spec.ts","",""
"","0","Max length of short name 50 characters","Chromium","Fri Jan 02 02:01:01 UTC 2026","skipped","Fri Jan 02 02:01:01 UTC 2026","Branch Test","branch.spec.ts","",""
"","0","Add Paysheet With All Employees - Tạo bảng lương cho tất cả nhân viên","Chromium","Fri Jan 02 02:01:19 UTC 2026","skipped","Fri Jan 02 02:01:19 UTC 2026","Paysheet Tests","salary/paysheet.spec.ts","",""
"","0","E2E Flow - User check in/out, submit checkday => admin monthly approval, monthly closing","Chromium","Fri Jan 02 02:01:21 UTC 2026","skipped","Fri Jan 02 02:01:21 UTC 2026","Monthly Checkin Tests - Chấm công tháng","timekeeping/monthly-checkin.spec.ts","",""
"","0","Max length of code","Chromium","Fri Jan 02 02:01:12 UTC 2026","skipped","Fri Jan 02 02:01:12 UTC 2026","Level Test Suite","level.spec.ts","",""
"","0","Search by status - Tìm kiếm theo trạng thái","Chromium","Fri Jan 02 02:01:02 UTC 2026","skipped","Fri Jan 02 02:01:02 UTC 2026","Term Tests","contract/term.spec.ts","",""
"","0","Edit employee name","Chromium","Fri Jan 02 02:01:04 UTC 2026","skipped","Fri Jan 02 02:01:04 UTC 2026","Employee Tests","employee.spec.ts","",""
"","0","Create term with empty content - Tạo điều khoản với nội dung rỗng","Chromium","Fri Jan 02 02:01:02 UTC 2026","skipped","Fri Jan 02 02:01:02 UTC 2026","Term Tests","contract/term.spec.ts","",""
"","0","Create a new team with existing team name - Tạo mới một nhóm với tên đã tồn tại","Chromium","Fri Jan 02 02:01:20 UTC 2026","skipped","Fri Jan 02 02:01:20 UTC 2026","Team","team.spec.ts","",""
"","0","Edit lock status to active status","Chromium","Fri Jan 02 02:01:03 UTC 2026","skipped","Fri Jan 02 02:01:03 UTC 2026","Department Test","department.spec.ts","",""
"","1","Min length of email","Chromium","Fri Jan 02 02:01:04 UTC 2026","skipped","Fri Jan 02 02:01:04 UTC 2026","Employee Tests","employee.spec.ts","",""
"","0","Max length of over 255 charactor of name","Chromium","Fri Jan 02 02:01:14 UTC 2026","skipped","Fri Jan 02 02:01:14 UTC 2026","Position Tests","position.spec.ts","",""
"","0","Max length of code over 100","Chromium","Fri Jan 02 02:01:12 UTC 2026","skipped","Fri Jan 02 02:01:12 UTC 2026","Level Test Suite","level.spec.ts","",""
"","0","Max length of note over 500 characters","Chromium","Fri Jan 02 02:01:16 UTC 2026","skipped","Fri Jan 02 02:01:16 UTC 2026","Reward Employee Tests","reward/reward-employee.spec.ts","",""
"","0","Create with collaborator contract - Tạo hợp đồng cộng tác viên","Chromium","Fri Jan 02 02:01:01 UTC 2026","skipped","Fri Jan 02 02:01:01 UTC 2026","Contract Tests","contract/contract.spec.ts","",""
"","0","Add shift plan for an employee","Chromium","Fri Jan 02 02:01:23 UTC 2026","skipped","Fri Jan 02 02:01:23 UTC 2026","Shift Plan Tests","work_shift/shift_plan.spec.ts","",""
"","0","Search by code - Tìm kiếm theo mã hợp đồng","Chromium","Fri Jan 02 02:01:01 UTC 2026","skipped","Fri Jan 02 02:01:01 UTC 2026","Contract Tests","contract/contract.spec.ts","",""
"","0","Add evaluation type with valid data and check in database - Tạo loại đánh giá với dữ liệu hợp lệ và kiểm tra trong database","Chromium","Fri Jan 02 02:01:06 UTC 2026","skipped","Fri Jan 02 02:01:06 UTC 2026","Evaluation Type Tests","evaluation/evaluation-type.spec.ts","",""
"","1","Save with empty reward name, employee, reward type, money","Chromium","Fri Jan 02 02:01:16 UTC 2026","skipped","Fri Jan 02 02:01:16 UTC 2026","Reward Employee Tests","reward/reward-employee.spec.ts","",""
"","1","Edit name with valid data - Chỉnh sửa tên với dữ liệu hợp lệ","Chromium","Fri Jan 02 02:01:02 UTC 2026","skipped","Fri Jan 02 02:01:02 UTC 2026","Term Tests","contract/term.spec.ts","",""
"","0","Create with duplicate name","Chromium","Fri Jan 02 02:01:12 UTC 2026","skipped","Fri Jan 02 02:01:12 UTC 2026","Level Test Suite","level.spec.ts","",""
"","0","E2E - Create Overtime Ticket And Send For Admin Approval","Chromium","Fri Jan 02 02:01:22 UTC 2026","skipped","Fri Jan 02 02:01:22 UTC 2026","Overtime Ticket Test Suite","timekeeping/overtime-ticket.spec.ts","",""
"","0","Search by contract type - Tìm kiếm theo loại hợp đồng","Chromium","Fri Jan 02 02:01:01 UTC 2026","skipped","Fri Jan 02 02:01:01 UTC 2026","Contract Tests","contract/contract.spec.ts","",""
"","0","E2E - Cancel Overtime Ticket","Chromium","Fri Jan 02 02:01:22 UTC 2026","skipped","Fri Jan 02 02:01:22 UTC 2026","Overtime Ticket Test Suite","timekeeping/overtime-ticket.spec.ts","",""
"","1","E2E - Add Holiday Management","Chromium","Fri Jan 02 02:01:08 UTC 2026","skipped","Fri Jan 02 02:01:08 UTC 2026","Holiday Management","holiday-management.spec.ts","",""
"","0","Edit code with blank code","Chromium","Fri Jan 02 02:01:12 UTC 2026","skipped","Fri Jan 02 02:01:12 UTC 2026","Level Test Suite","level.spec.ts","",""
"","0","Max length of description is 500 characters","Chromium","Fri Jan 02 02:01:16 UTC 2026","skipped","Fri Jan 02 02:01:16 UTC 2026","Reward Employee Tests","reward/reward-employee.spec.ts","",""
"","0","Maxleght team code 100 characters","Chromium","Fri Jan 02 02:01:20 UTC 2026","skipped","Fri Jan 02 02:01:20 UTC 2026","Team","team.spec.ts","",""
"","0","Test change password with wrong current password","Chromium","Fri Jan 02 02:01:07 UTC 2026","skipped","Fri Jan 02 02:01:07 UTC 2026","Forgot Password Test Suite","forgot-password.spec.ts","",""
"","0","E2E - Create a contract when there is an approved contract - Tạo hợp đồng khi đã có hợp đồng được duyệt","Chromium","Fri Jan 02 02:01:01 UTC 2026","skipped","Fri Jan 02 02:01:01 UTC 2026","Contract Tests","contract/contract.spec.ts","",""
"","1","Search by special leave application","Chromium","Fri Jan 02 02:01:10 UTC 2026","skipped","Fri Jan 02 02:01:10 UTC 2026","Leave Application Tests","leave/leave-application.spec.ts","",""
"","0","Maxlenght note with over 255 characters","Chromium","Fri Jan 02 02:01:03 UTC 2026","skipped","Fri Jan 02 02:01:03 UTC 2026","Department Test","department.spec.ts","",""
"","0","Max length of branch address over 500 characters","Chromium","Fri Jan 02 02:01:01 UTC 2026","skipped","Fri Jan 02 02:01:01 UTC 2026","Branch Test","branch.spec.ts","",""
"","202","Max lenghth of note is 255 characters - Kiểm tra nhập ghi chú tối đa 255 ký tự","Chromium","Fri Jan 02 02:01:01 UTC 2026","failed","Fri Jan 02 02:01:01 UTC 2026","Contract Tests","contract/contract.spec.ts","",""
"","0","E2E Calculate tax without dependents - Kiểm tra tính thuế khi không có người phụ thuộc","Chromium","Fri Jan 02 02:01:19 UTC 2026","skipped","Fri Jan 02 02:01:19 UTC 2026","Paysheet Tests","salary/paysheet.spec.ts","",""
"","0","Create with lock status - Tạo chi nhánh với trạng thái khóa","Chromium","Fri Jan 02 02:01:00 UTC 2026","skipped","Fri Jan 02 02:01:00 UTC 2026","Branch Test","branch.spec.ts","",""
"","0","Max lenghth of evaluation type description is 500 characters - Kiểm tra mô tả loại đánh giá có độ dài tối đa là 500 ký tự","Chromium","Fri Jan 02 02:01:06 UTC 2026","skipped","Fri Jan 02 02:01:06 UTC 2026","Evaluation Type Tests","evaluation/evaluation-type.spec.ts","",""
"","1","Delete term - Xóa điều khoản","Chromium","Fri Jan 02 02:01:02 UTC 2026","skipped","Fri Jan 02 02:01:02 UTC 2026","Term Tests","contract/term.spec.ts","",""
"","0","Search resignation requests","Chromium","Fri Jan 02 02:01:15 UTC 2026","skipped","Fri Jan 02 02:01:15 UTC 2026","Resignation Tests","regisnation.spec.ts","",""
"","94","Export single employee payslip","Chromium","Fri Jan 02 02:01:19 UTC 2026","failed","Fri Jan 02 02:01:20 UTC 2026","Payslip Tests","salary/payslip.spec.ts","",""
"","0","E2E Calculate tax with dependents expired in the middle of the month - Kiểm tra tính thuế kh NPT hết hạn giảm trừ giữa tháng","Chromium","Fri Jan 02 02:01:19 UTC 2026","skipped","Fri Jan 02 02:01:19 UTC 2026","Paysheet Tests","salary/paysheet.spec.ts","",""
"","1","Create duplicate allowance name with backspace","Chromium","Fri Jan 02 02:01:17 UTC 2026","skipped","Fri Jan 02 02:01:17 UTC 2026","Allowance Tests","salary/allowance.spec.ts","",""
"","0","Edit note - Chỉnh sửa ghi chú","Chromium","Fri Jan 02 02:01:01 UTC 2026","skipped","Fri Jan 02 02:01:01 UTC 2026","Branch Test","branch.spec.ts","",""
"","1","E2E Calculate tax with dependents in the middle of the month - Kiểm tra tính thuế khi phát sinh NPT giữa tháng","Chromium","Fri Jan 02 02:01:19 UTC 2026","skipped","Fri Jan 02 02:01:19 UTC 2026","Paysheet Tests","salary/paysheet.spec.ts","",""
"","0","Maxlenght note over 255 characters","Chromium","Fri Jan 02 02:01:20 UTC 2026","skipped","Fri Jan 02 02:01:20 UTC 2026","Team","team.spec.ts","",""
"","0","Login Successful With Employee Account - Đăng nhập thành công với tài khoản nhân viên","Chromium","Fri Jan 02 02:01:12 UTC 2026","skipped","Fri Jan 02 02:01:12 UTC 2026","Login Tests","login.spec.ts","",""
"","0","Edit department name successfully","Chromium","Fri Jan 02 02:01:03 UTC 2026","skipped","Fri Jan 02 02:01:03 UTC 2026","Department Test","department.spec.ts","",""
"","88","Login Successful With Valid Credentials - Đăng nhập thành công với tài khoản admin","Chromium","Fri Jan 02 02:01:12 UTC 2026","failed","Fri Jan 02 02:01:12 UTC 2026","Login Tests","login.spec.ts","",""
"","0","E2E - Extension contract - Gia hạn hợp đồng","Chromium","Fri Jan 02 02:01:01 UTC 2026","skipped","Fri Jan 02 02:01:01 UTC 2026","Contract Tests","contract/contract.spec.ts","",""
"","0","Export resignation with no data","Chromium","Fri Jan 02 02:01:15 UTC 2026","skipped","Fri Jan 02 02:01:15 UTC 2026","Resignation Tests","regisnation.spec.ts","",""
"","0","Create with lock status","Chromium","Fri Jan 02 02:01:17 UTC 2026","skipped","Fri Jan 02 02:01:17 UTC 2026","Allowance Tests","salary/allowance.spec.ts","",""
"","0","Search by status - Tìm kiếm chi nhánh theo trạng thái","Chromium","Fri Jan 02 02:01:01 UTC 2026","skipped","Fri Jan 02 02:01:01 UTC 2026","Branch Test","branch.spec.ts","",""
"","1","Add evaluation type with lock status - Tạo loại đánh giá với trạng thái khóa và kiểm tra tồn tại trong database","Chromium","Fri Jan 02 02:01:06 UTC 2026","skipped","Fri Jan 02 02:01:06 UTC 2026","Evaluation Type Tests","evaluation/evaluation-type.spec.ts","",""
"","0","Search Paysheet - Tìm kiếm bảng lương theo ID","Chromium","Fri Jan 02 02:01:19 UTC 2026","skipped","Fri Jan 02 02:01:19 UTC 2026","Paysheet Tests","salary/paysheet.spec.ts","",""
"","0","Search by pending status","Chromium","Fri Jan 02 02:01:11 UTC 2026","skipped","Fri Jan 02 02:01:11 UTC 2026","Leave Management Tests","leave/leave-management.spec.ts","",""
"","1","Search by month","Chromium","Fri Jan 02 02:01:10 UTC 2026","skipped","Fri Jan 02 02:01:10 UTC 2026","Leave Application Tests","leave/leave-application.spec.ts","",""
"","1","Edit activity to lock status - Chỉnh sửa loại đánh giá từ trạng thái hoạt động sang trạng thái khóa","Chromium","Fri Jan 02 02:01:06 UTC 2026","skipped","Fri Jan 02 02:01:06 UTC 2026","Evaluation Type Tests","evaluation/evaluation-type.spec.ts","",""
"","0","Delete contract - Xóa hợp đồng","Chromium","Fri Jan 02 02:01:01 UTC 2026","skipped","Fri Jan 02 02:01:01 UTC 2026","Contract Tests","contract/contract.spec.ts","",""
"","0","Add with role department management","Chromium","Fri Jan 02 02:01:04 UTC 2026","skipped","Fri Jan 02 02:01:04 UTC 2026","Employee Tests","employee.spec.ts","",""
"","0","Edit name with empty name - Chỉnh sửa tên với tên rỗng","Chromium","Fri Jan 02 02:01:02 UTC 2026","skipped","Fri Jan 02 02:01:02 UTC 2026","Term Tests","contract/term.spec.ts","",""
"","0","Create new work shift","Chromium","Fri Jan 02 02:01:24 UTC 2026","skipped","Fri Jan 02 02:01:24 UTC 2026","Work Shift Tests","work_shift/work_shift.spec.ts","",""
"","1","Max lenghth of evaluation type description over 500 characters - Kiểm tra mô tả loại đánh giá có độ dài lớn hơn 500 ký tự","Chromium","Fri Jan 02 02:01:06 UTC 2026","skipped","Fri Jan 02 02:01:06 UTC 2026","Evaluation Type Tests","evaluation/evaluation-type.spec.ts","",""
"","0","Edit leave type of leave application","Chromium","Fri Jan 02 02:01:10 UTC 2026","skipped","Fri Jan 02 02:01:10 UTC 2026","Leave Application Tests","leave/leave-application.spec.ts","",""
"","0","Add reward type with duplicate name","Chromium","Fri Jan 02 02:01:16 UTC 2026","skipped","Fri Jan 02 02:01:16 UTC 2026","Reward Type Tests","reward/reward-type.spec.ts","",""
"","89","Check in","Chromium","Fri Jan 02 02:01:22 UTC 2026","failed","Fri Jan 02 02:01:22 UTC 2026","Overtime Ticket Test Suite","timekeeping/overtime-ticket.spec.ts","",""
"","0","Create with lock status - Tạo tiêu chí đánh giá với trạng thái khóa","Chromium","Fri Jan 02 02:01:05 UTC 2026","skipped","Fri Jan 02 02:01:05 UTC 2026","Evaluation Criteria Tests - Kiểm tra tiêu chí đánh giá","evaluation/evaluation-criteria.spec.ts","",""
"","0","Search by name","Chromium","Fri Jan 02 02:01:17 UTC 2026","skipped","Fri Jan 02 02:01:17 UTC 2026","Allowance Tests","salary/allowance.spec.ts","",""
"","0","Edit money","Chromium","Fri Jan 02 02:01:18 UTC 2026","skipped","Fri Jan 02 02:01:18 UTC 2026","Debt Tests","salary/debt.spec.ts","",""
"","0","Login Unsuccessful With Empty Username - Đăng nhập thất bại với tài khoản rỗng","Chromium","Fri Jan 02 02:01:12 UTC 2026","skipped","Fri Jan 02 02:01:12 UTC 2026","Login Tests","login.spec.ts","",""
"","0","Max length of note","Chromium","Fri Jan 02 02:01:12 UTC 2026","skipped","Fri Jan 02 02:01:12 UTC 2026","Level Test Suite","level.spec.ts","",""
"","0","Edit position lock to active status","Chromium","Fri Jan 02 02:01:14 UTC 2026","skipped","Fri Jan 02 02:01:14 UTC 2026","Position Tests","position.spec.ts","",""
"","94","Max lenghth of evaluation type name is 255 characters - Kiểm tra tên loại đánh giá có độ dài tối đa là 255 ký tự","Chromium","Fri Jan 02 02:01:06 UTC 2026","failed","Fri Jan 02 02:01:06 UTC 2026","Evaluation Type Tests","evaluation/evaluation-type.spec.ts","",""
"","0","Create with lock status","Chromium","Fri Jan 02 02:01:14 UTC 2026","skipped","Fri Jan 02 02:01:14 UTC 2026","Position Tests","position.spec.ts","",""
"","0","Evaluation process - Search by status","Chromium","Fri Jan 02 02:01:05 UTC 2026","skipped","Fri Jan 02 02:01:05 UTC 2026","Evaluation Process Tests","evaluation/evaluation-process.spec.ts","",""
"","0","Create with over number of employee - Tạo chi nhánh với số lượng nhân viên lớn hơn 1000","Chromium","Fri Jan 02 02:01:00 UTC 2026","skipped","Fri Jan 02 02:01:00 UTC 2026","Branch Test","branch.spec.ts","",""
"","0","Add with basic information and edit information","Chromium","Fri Jan 02 02:01:04 UTC 2026","skipped","Fri Jan 02 02:01:04 UTC 2026","Employee Tests","employee.spec.ts","",""
"","0","Edit allowance note","Chromium","Fri Jan 02 02:01:17 UTC 2026","skipped","Fri Jan 02 02:01:17 UTC 2026","Allowance Tests","salary/allowance.spec.ts","",""
"","0","Search Evaluation Criteria by status - Tìm kiếm tiêu chí đánh giá theo trạng thái","Chromium","Fri Jan 02 02:01:05 UTC 2026","skipped","Fri Jan 02 02:01:05 UTC 2026","Evaluation Criteria Tests - Kiểm tra tiêu chí đánh giá","evaluation/evaluation-criteria.spec.ts","",""
"","0","Edit note successfully","Chromium","Fri Jan 02 02:01:12 UTC 2026","skipped","Fri Jan 02 02:01:12 UTC 2026","Level Test Suite","level.spec.ts","",""
"","0","Max length of work shift name over 255 characters","Chromium","Fri Jan 02 02:01:24 UTC 2026","skipped","Fri Jan 02 02:01:24 UTC 2026","Work Shift Tests","work_shift/work_shift.spec.ts","",""
"","0","Export excel by all current month - Xuất excel của tháng hiện tại","Chromium","Fri Jan 02 02:01:19 UTC 2026","skipped","Fri Jan 02 02:01:19 UTC 2026","Paysheet Tests","salary/paysheet.spec.ts","",""
"","0","Seach","Chromium","Fri Jan 02 02:01:20 UTC 2026","skipped","Fri Jan 02 02:01:20 UTC 2026","Team","team.spec.ts","",""
"","0","Create allowance type monthly with valid data","Chromium","Fri Jan 02 02:01:17 UTC 2026","skipped","Fri Jan 02 02:01:17 UTC 2026","Allowance Tests","salary/allowance.spec.ts","",""
"","90","Max length of name and note","Chromium","Fri Jan 02 02:01:14 UTC 2026","failed","Fri Jan 02 02:01:14 UTC 2026","Position Tests","position.spec.ts","",""
"","0","Max length of over 255 charactor of note","Chromium","Fri Jan 02 02:01:14 UTC 2026","skipped","Fri Jan 02 02:01:14 UTC 2026","Position Tests","position.spec.ts","",""
"","0","Send debt and cancel","Chromium","Fri Jan 02 02:01:18 UTC 2026","skipped","Fri Jan 02 02:01:18 UTC 2026","Debt Tests","salary/debt.spec.ts","",""
"","0","Send notification to personal","Chromium","Fri Jan 02 02:01:13 UTC 2026","skipped","Fri Jan 02 02:01:13 UTC 2026","Notification Test Suite","notification/notifition.spec.ts","",""
"","0","Max length of name over 255","Chromium","Fri Jan 02 02:01:12 UTC 2026","skipped","Fri Jan 02 02:01:12 UTC 2026","Level Test Suite","level.spec.ts","",""
"","0","Save resume with empty information required","Chromium","Fri Jan 02 02:01:04 UTC 2026","skipped","Fri Jan 02 02:01:04 UTC 2026","Employee Tests","employee.spec.ts","",""
"","0","Edit content with empty content - Chỉnh sửa nội dung với nội dung rỗng","Chromium","Fri Jan 02 02:01:02 UTC 2026","skipped","Fri Jan 02 02:01:02 UTC 2026","Term Tests","contract/term.spec.ts","",""
"","0","Delete evaluation type - Xóa loại đánh giá và xác minh thông báo thành công","Chromium","Fri Jan 02 02:01:06 UTC 2026","skipped","Fri Jan 02 02:01:06 UTC 2026","Evaluation Type Tests","evaluation/evaluation-type.spec.ts","",""
"","1","Edit status","Chromium","Fri Jan 02 02:01:20 UTC 2026","skipped","Fri Jan 02 02:01:20 UTC 2026","Team","team.spec.ts","",""
"","0","Edit description","Chromium","Fri Jan 02 02:01:16 UTC 2026","skipped","Fri Jan 02 02:01:16 UTC 2026","Reward Type Tests","reward/reward-type.spec.ts","",""
"","0","Max length of note over 500 characters","Chromium","Fri Jan 02 02:01:17 UTC 2026","skipped","Fri Jan 02 02:01:17 UTC 2026","Allowance Tests","salary/allowance.spec.ts","",""
"","1","Search by name and code of a work shift","Chromium","Fri Jan 02 02:01:24 UTC 2026","skipped","Fri Jan 02 02:01:24 UTC 2026","Work Shift Tests","work_shift/work_shift.spec.ts","",""
"","0","Create with empty name","Chromium","Fri Jan 02 02:01:14 UTC 2026","skipped","Fri Jan 02 02:01:14 UTC 2026","Position Tests","position.spec.ts","",""
"","0","Add new notification with holiday notification type","Chromium","Fri Jan 02 02:01:13 UTC 2026","skipped","Fri Jan 02 02:01:13 UTC 2026","Notification Test Suite","notification/notifition.spec.ts","",""
"","90","Import test data for leave management","Chromium","Fri Jan 02 02:01:11 UTC 2026","failed","Fri Jan 02 02:01:11 UTC 2026","Leave Management Tests","leave/leave-management.spec.ts","",""
"","87","E2E Payroll and Payment Process - Kiểm tra quy trình tính lương và thanh toán","Chromium","Fri Jan 02 02:01:19 UTC 2026","failed","Fri Jan 02 02:01:19 UTC 2026","Paysheet Tests","salary/paysheet.spec.ts","",""
"","1","Delete shift plan","Chromium","Fri Jan 02 02:01:23 UTC 2026","skipped","Fri Jan 02 02:01:23 UTC 2026","Shift Plan Tests","work_shift/shift_plan.spec.ts","",""
"","0","Search by start date - Tìm kiếm theo ngày bắt đầu","Chromium","Fri Jan 02 02:01:01 UTC 2026","skipped","Fri Jan 02 02:01:01 UTC 2026","Contract Tests","contract/contract.spec.ts","",""
"","1","Test forgot password with wrong format email","Chromium","Fri Jan 02 02:01:07 UTC 2026","skipped","Fri Jan 02 02:01:07 UTC 2026","Forgot Password Test Suite","forgot-password.spec.ts","",""
"","1","Delete reward type","Chromium","Fri Jan 02 02:01:16 UTC 2026","skipped","Fri Jan 02 02:01:16 UTC 2026","Reward Type Tests","reward/reward-type.spec.ts","",""
"","0","Maxlenght note with 255 characters","Chromium","Fri Jan 02 02:01:03 UTC 2026","skipped","Fri Jan 02 02:01:03 UTC 2026","Department Test","department.spec.ts","",""
"","0","Edit Time In","Chromium","Fri Jan 02 02:01:22 UTC 2026","skipped","Fri Jan 02 02:01:22 UTC 2026","Overtime Ticket Test Suite","timekeeping/overtime-ticket.spec.ts","",""
"","1","Maxlenght name with over 255 characters","Chromium","Fri Jan 02 02:01:03 UTC 2026","skipped","Fri Jan 02 02:01:03 UTC 2026","Department Test","department.spec.ts","",""
"","0","Test close salary when employee not browse - Kiểm tra chốt luong khi nhân viên chưa duyệt phiếu lương","Chromium","Fri Jan 02 02:01:19 UTC 2026","skipped","Fri Jan 02 02:01:19 UTC 2026","Paysheet Tests","salary/paysheet.spec.ts","",""
"","1","E2E reward employee - manager send reward to admin approve","Chromium","Fri Jan 02 02:01:16 UTC 2026","skipped","Fri Jan 02 02:01:16 UTC 2026","Reward Employee Tests","reward/reward-employee.spec.ts","",""
"","0","Edit team name","Chromium","Fri Jan 02 02:01:20 UTC 2026","skipped","Fri Jan 02 02:01:20 UTC 2026","Team","team.spec.ts","",""
"","0","Search with reward name","Chromium","Fri Jan 02 02:01:16 UTC 2026","skipped","Fri Jan 02 02:01:16 UTC 2026","Reward Employee Tests","reward/reward-employee.spec.ts","",""
"","0","Search by regular leave application","Chromium","Fri Jan 02 02:01:10 UTC 2026","skipped","Fri Jan 02 02:01:10 UTC 2026","Leave Application Tests","leave/leave-application.spec.ts","",""
"","1","Maxlength of reason over 255 characters","Chromium","Fri Jan 02 02:01:22 UTC 2026","skipped","Fri Jan 02 02:01:22 UTC 2026","Overtime Ticket Test Suite","timekeeping/overtime-ticket.spec.ts","",""
"","1","Create with wrong time","Chromium","Fri Jan 02 02:01:22 UTC 2026","skipped","Fri Jan 02 02:01:22 UTC 2026","Overtime Ticket Test Suite","timekeeping/overtime-ticket.spec.ts","",""
"","0","Save shift plan with empty shift plan name and work shift","Chromium","Fri Jan 02 02:01:23 UTC 2026","skipped","Fri Jan 02 02:01:23 UTC 2026","Shift Plan Tests","work_shift/shift_plan.spec.ts","",""
"","1","Edit allowance active status to lock status","Chromium","Fri Jan 02 02:01:17 UTC 2026","skipped","Fri Jan 02 02:01:17 UTC 2026","Allowance Tests","salary/allowance.spec.ts","",""
"","1","Add annual leave for a department","Chromium","Fri Jan 02 02:01:11 UTC 2026","skipped","Fri Jan 02 02:01:11 UTC 2026","Leave Management Tests","leave/leave-management.spec.ts","",""
"","0","Search by status","Chromium","Fri Jan 02 02:01:24 UTC 2026","skipped","Fri Jan 02 02:01:24 UTC 2026","Work Shift Tests","work_shift/work_shift.spec.ts","",""
"","0","Max length of notification name is 256 characters","Chromium","Fri Jan 02 02:01:13 UTC 2026","skipped","Fri Jan 02 02:01:13 UTC 2026","Notification Test Suite","notification/notifition.spec.ts","",""
"","0","Edit and delete work shift","Chromium","Fri Jan 02 02:01:24 UTC 2026","skipped","Fri Jan 02 02:01:24 UTC 2026","Work Shift Tests","work_shift/work_shift.spec.ts","",""
"","1","Create employee with check pay union due - Tạo mới nhân viên chọn đóng đoàn phí","Chromium","Fri Jan 02 02:01:04 UTC 2026","skipped","Fri Jan 02 02:01:04 UTC 2026","Employee Tests","employee.spec.ts","",""
"","0","Add debt with empty value","Chromium","Fri Jan 02 02:01:18 UTC 2026","skipped","Fri Jan 02 02:01:18 UTC 2026","Debt Tests","salary/debt.spec.ts","",""
"","0","Login with locked account - Đăng nhập thất bại với tài khoản bị khóa","Chromium","Fri Jan 02 02:01:12 UTC 2026","skipped","Fri Jan 02 02:01:12 UTC 2026","Login Tests","login.spec.ts","",""
"","0","Create reward with valid information","Chromium","Fri Jan 02 02:01:16 UTC 2026","skipped","Fri Jan 02 02:01:16 UTC 2026","Reward Employee Tests","reward/reward-employee.spec.ts","",""
"","0","Edit phone number - Chỉnh sửa số điện thoại","Chromium","Fri Jan 02 02:01:01 UTC 2026","skipped","Fri Jan 02 02:01:01 UTC 2026","Branch Test","branch.spec.ts","",""
"","1","Edit department name with duplicate name","Chromium","Fri Jan 02 02:01:03 UTC 2026","skipped","Fri Jan 02 02:01:03 UTC 2026","Department Test","department.spec.ts","",""
"","1","Edit with remove employee","Chromium","Fri Jan 02 02:01:23 UTC 2026","skipped","Fri Jan 02 02:01:23 UTC 2026","Shift Plan Tests","work_shift/shift_plan.spec.ts","",""
"","0","Login Unsuccessful With Empty Credentials - Đăng nhập thất bại với tài khoản và mật khẩu rỗng","Chromium","Fri Jan 02 02:01:12 UTC 2026","skipped","Fri Jan 02 02:01:12 UTC 2026","Login Tests","login.spec.ts","",""
"","1","E2E - Create contract with probation and confirm contract - Tạo hợp đồng thử việc và xác nhận hợp đồng","Chromium","Fri Jan 02 02:01:01 UTC 2026","skipped","Fri Jan 02 02:01:01 UTC 2026","Contract Tests","contract/contract.spec.ts","",""
"","1","Test change password with empty new password","Chromium","Fri Jan 02 02:01:07 UTC 2026","skipped","Fri Jan 02 02:01:07 UTC 2026","Forgot Password Test Suite","forgot-password.spec.ts","",""
"","91","Max lengh of name 255 character","Chromium","Fri Jan 02 02:01:23 UTC 2026","failed","Fri Jan 02 02:01:23 UTC 2026","Shift Plan Tests","work_shift/shift_plan.spec.ts","",""
"","0","Maxleght team name 255 characters","Chromium","Fri Jan 02 02:01:20 UTC 2026","skipped","Fri Jan 02 02:01:20 UTC 2026","Team","team.spec.ts","",""
"","0","Edit all fields - Chỉnh sửa tất cả thông tin chi nhánh","Chromium","Fri Jan 02 02:01:01 UTC 2026","skipped","Fri Jan 02 02:01:01 UTC 2026","Branch Test","branch.spec.ts","",""
"","0","Cancel Paysheet - Hủy bảng lương","Chromium","Fri Jan 02 02:01:19 UTC 2026","skipped","Fri Jan 02 02:01:19 UTC 2026","Paysheet Tests","salary/paysheet.spec.ts","",""
"","1","Search Evaluation Type - Tìm kiếm loại đánh giá theo tên cụ thể và xác minh kết quả","Chromium","Fri Jan 02 02:01:06 UTC 2026","skipped","Fri Jan 02 02:01:06 UTC 2026","Evaluation Type Tests","evaluation/evaluation-type.spec.ts","",""
"","1","E2E - Reject Overtime Ticket","Chromium","Fri Jan 02 02:01:22 UTC 2026","skipped","Fri Jan 02 02:01:22 UTC 2026","Overtime Ticket Test Suite","timekeeping/overtime-ticket.spec.ts","",""
"","0","Add new notification with existing name","Chromium","Fri Jan 02 02:01:13 UTC 2026","skipped","Fri Jan 02 02:01:13 UTC 2026","Notification Test Suite","notification/notifition.spec.ts","",""
"","1","Max length of allowance name 255 characters","Chromium","Fri Jan 02 02:01:17 UTC 2026","skipped","Fri Jan 02 02:01:17 UTC 2026","Allowance Tests","salary/allowance.spec.ts","",""
"","0","Add Reward Type with empty description","Chromium","Fri Jan 02 02:01:16 UTC 2026","skipped","Fri Jan 02 02:01:16 UTC 2026","Reward Type Tests","reward/reward-type.spec.ts","",""
"","0","Add shift plan for department","Chromium","Fri Jan 02 02:01:23 UTC 2026","skipped","Fri Jan 02 02:01:23 UTC 2026","Shift Plan Tests","work_shift/shift_plan.spec.ts","",""
"","1","Max length of note over 255","Chromium","Fri Jan 02 02:01:12 UTC 2026","skipped","Fri Jan 02 02:01:12 UTC 2026","Level Test Suite","level.spec.ts","",""
"","1","Delete branch - Xóa chi nhánh","Chromium","Fri Jan 02 02:01:01 UTC 2026","skipped","Fri Jan 02 02:01:01 UTC 2026","Branch Test","branch.spec.ts","",""
"","88","Create term with empty name - Tạo điều khoản với tên rỗng","Chromium","Fri Jan 02 02:01:02 UTC 2026","failed","Fri Jan 02 02:01:02 UTC 2026","Term Tests","contract/term.spec.ts","",""
"","89","Add a dependents but not fill start date of dependents - Thêm một người phụ thuộc không nhập giảm trừ từ ngày","Chromium","Fri Jan 02 02:01:04 UTC 2026","failed","Fri Jan 02 02:01:04 UTC 2026","Employee Tests","employee.spec.ts","",""
"","0","Search by name","Chromium","Fri Jan 02 02:01:14 UTC 2026","skipped","Fri Jan 02 02:01:14 UTC 2026","Position Tests","position.spec.ts","",""
"","0","Max length of reward type description is 501 characters","Chromium","Fri Jan 02 02:01:16 UTC 2026","skipped","Fri Jan 02 02:01:16 UTC 2026","Reward Type Tests","reward/reward-type.spec.ts","",""
"","0","Search by social insurance leave application","Chromium","Fri Jan 02 02:01:10 UTC 2026","skipped","Fri Jan 02 02:01:10 UTC 2026","Leave Application Tests","leave/leave-application.spec.ts","",""
"","0","Search by gender","Chromium","Fri Jan 02 02:01:04 UTC 2026","skipped","Fri Jan 02 02:01:04 UTC 2026","Employee Tests","employee.spec.ts","",""
"","0","Max length of reason over 255 characters","Chromium","Fri Jan 02 02:01:15 UTC 2026","skipped","Fri Jan 02 02:01:15 UTC 2026","Resignation Tests","regisnation.spec.ts","",""
"","0","Search by pending status","Chromium","Fri Jan 02 02:01:10 UTC 2026","skipped","Fri Jan 02 02:01:10 UTC 2026","Leave Application Tests","leave/leave-application.spec.ts","",""
"","0","Add evaluation type with empty description - Tạo loại đánh giá với mô tả để trống và kiểm tra tồn tại trong database","Chromium","Fri Jan 02 02:01:06 UTC 2026","skipped","Fri Jan 02 02:01:06 UTC 2026","Evaluation Type Tests","evaluation/evaluation-type.spec.ts","",""
"","0","Max length of note 500 characters","Chromium","Fri Jan 02 02:01:17 UTC 2026","skipped","Fri Jan 02 02:01:17 UTC 2026","Allowance Tests","salary/allowance.spec.ts","",""
"","0","Create position with existed name","Chromium","Fri Jan 02 02:01:14 UTC 2026","skipped","Fri Jan 02 02:01:14 UTC 2026","Position Tests","position.spec.ts","",""
"","0","Search by branch name - Tìm kiếm chi nhánh theo tên","Chromium","Fri Jan 02 02:01:01 UTC 2026","skipped","Fri Jan 02 02:01:01 UTC 2026","Branch Test","branch.spec.ts","",""
"","1","Cancel debt with empty reason","Chromium","Fri Jan 02 02:01:18 UTC 2026","skipped","Fri Jan 02 02:01:18 UTC 2026","Debt Tests","salary/debt.spec.ts","",""
"","0","Max length of reward name over 255 characters","Chromium","Fri Jan 02 02:01:16 UTC 2026","skipped","Fri Jan 02 02:01:16 UTC 2026","Reward Employee Tests","reward/reward-employee.spec.ts","",""
"","1","Edit active status to lock status","Chromium","Fri Jan 02 02:01:03 UTC 2026","skipped","Fri Jan 02 02:01:03 UTC 2026","Department Test","department.spec.ts","",""
"","1","Add reward type with empty name","Chromium","Fri Jan 02 02:01:16 UTC 2026","skipped","Fri Jan 02 02:01:16 UTC 2026","Reward Type Tests","reward/reward-type.spec.ts","",""
"","0","Max length of branch name 255 characters","Chromium","Fri Jan 02 02:01:01 UTC 2026","skipped","Fri Jan 02 02:01:01 UTC 2026","Branch Test","branch.spec.ts","",""
"","1","Edit active status to lock status - Chỉnh sửa trạng thái chi nhánh từ hoạt động sang khóa","Chromium","Fri Jan 02 02:01:00 UTC 2026","skipped","Fri Jan 02 02:01:01 UTC 2026","Branch Test","branch.spec.ts","",""
"","0","Edit Reason","Chromium","Fri Jan 02 02:01:22 UTC 2026","skipped","Fri Jan 02 02:01:22 UTC 2026","Overtime Ticket Test Suite","timekeeping/overtime-ticket.spec.ts","",""
"","1","Max lenghth of note over 255 characters - Kiểm tra nhập ghi chú quá 255 ký tự","Chromium","Fri Jan 02 02:01:01 UTC 2026","skipped","Fri Jan 02 02:01:01 UTC 2026","Contract Tests","contract/contract.spec.ts","",""
"","0","Create allowance with empty note","Chromium","Fri Jan 02 02:01:17 UTC 2026","skipped","Fri Jan 02 02:01:17 UTC 2026","Allowance Tests","salary/allowance.spec.ts","",""
"","0","E2E Calculate tax with dependents not yet effective - Kiểm tra tính thuế khi chưa đến ngày giảm trừ NPT","Chromium","Fri Jan 02 02:01:19 UTC 2026","skipped","Fri Jan 02 02:01:19 UTC 2026","Paysheet Tests","salary/paysheet.spec.ts","",""
"","0","Add new notification with work schedule notification type","Chromium","Fri Jan 02 02:01:13 UTC 2026","skipped","Fri Jan 02 02:01:13 UTC 2026","Notification Test Suite","notification/notifition.spec.ts","",""
"","0","Maxlength note paysheet over 255 characters","Chromium","Fri Jan 02 02:01:19 UTC 2026","skipped","Fri Jan 02 02:01:19 UTC 2026","Paysheet Tests","salary/paysheet.spec.ts","",""
"","0","Max length of notification description is 500 characters","Chromium","Fri Jan 02 02:01:13 UTC 2026","skipped","Fri Jan 02 02:01:13 UTC 2026","Notification Test Suite","notification/notifition.spec.ts","",""
"","1","Create term with duplicate name - Tạo điều khoản với tên trùng","Chromium","Fri Jan 02 02:01:02 UTC 2026","skipped","Fri Jan 02 02:01:02 UTC 2026","Term Tests","contract/term.spec.ts","",""
"","0","Add employee just check in at least once when entering the shift","Chromium","Fri Jan 02 02:01:04 UTC 2026","skipped","Fri Jan 02 02:01:04 UTC 2026","Employee Tests","employee.spec.ts","",""
"","0","Max length name 255 character - Tên tối đa 255 ký tự","Chromium","Fri Jan 02 02:01:02 UTC 2026","skipped","Fri Jan 02 02:01:02 UTC 2026","Term Tests","contract/term.spec.ts","",""
"","0","Edit base salary - Chỉnh sửa lương cơ bản","Chromium","Fri Jan 02 02:01:01 UTC 2026","skipped","Fri Jan 02 02:01:01 UTC 2026","Contract Tests","contract/contract.spec.ts","",""
"","0","Edit department name with empty name","Chromium","Fri Jan 02 02:01:03 UTC 2026","skipped","Fri Jan 02 02:01:03 UTC 2026","Department Test","department.spec.ts","",""
"","0","Add a member of family not check is dependents - Thêm một người trong gia đình không chọn là người phụ thuộc","Chromium","Fri Jan 02 02:01:04 UTC 2026","skipped","Fri Jan 02 02:01:04 UTC 2026","Employee Tests","employee.spec.ts","",""
"","91","Create branch with valid information - Tạo chi nhánh với thông tin hợp lệ","Chromium","Fri Jan 02 02:01:00 UTC 2026","failed","Fri Jan 02 02:01:00 UTC 2026","Branch Test","branch.spec.ts","",""
"","0","Search by allowance type","Chromium","Fri Jan 02 02:01:17 UTC 2026","skipped","Fri Jan 02 02:01:17 UTC 2026","Allowance Tests","salary/allowance.spec.ts","",""
"","0","Save without any information","Chromium","Fri Jan 02 02:01:04 UTC 2026","skipped","Fri Jan 02 02:01:04 UTC 2026","Employee Tests","employee.spec.ts","",""
"","1","Maxlengt name paysheet 245 characters","Chromium","Fri Jan 02 02:01:19 UTC 2026","skipped","Fri Jan 02 02:01:19 UTC 2026","Paysheet Tests","salary/paysheet.spec.ts","",""
"","0","Edit content with valid data - Chỉnh sửa nội dung với dữ liệu hợp lệ","Chromium","Fri Jan 02 02:01:02 UTC 2026","skipped","Fri Jan 02 02:01:02 UTC 2026","Term Tests","contract/term.spec.ts","",""
"","0","Maxlength name paysheet over 245 characters","Chromium","Fri Jan 02 02:01:19 UTC 2026","skipped","Fri Jan 02 02:01:19 UTC 2026","Paysheet Tests","salary/paysheet.spec.ts","",""
"","0","Search by reject status","Chromium","Fri Jan 02 02:01:11 UTC 2026","skipped","Fri Jan 02 02:01:11 UTC 2026","Leave Management Tests","leave/leave-management.spec.ts","",""
"","0","Search by status","Chromium","Fri Jan 02 02:01:03 UTC 2026","skipped","Fri Jan 02 02:01:03 UTC 2026","Department Test","department.spec.ts","",""
"","0","Edit allowance money","Chromium","Fri Jan 02 02:01:17 UTC 2026","skipped","Fri Jan 02 02:01:17 UTC 2026","Allowance Tests","salary/allowance.spec.ts","",""
"","0","Create duplicate allowance name","Chromium","Fri Jan 02 02:01:17 UTC 2026","skipped","Fri Jan 02 02:01:17 UTC 2026","Allowance Tests","salary/allowance.spec.ts","",""
"","0","Create New Position Successfully","Chromium","Fri Jan 02 02:01:14 UTC 2026","skipped","Fri Jan 02 02:01:14 UTC 2026","Position Tests","position.spec.ts","",""
"","0","Edit reason of leave application","Chromium","Fri Jan 02 02:01:10 UTC 2026","skipped","Fri Jan 02 02:01:10 UTC 2026","Leave Application Tests","leave/leave-application.spec.ts","",""
"","0","Manager create reward with approved status","Chromium","Fri Jan 02 02:01:16 UTC 2026","skipped","Fri Jan 02 02:01:16 UTC 2026","Reward Employee Tests","reward/reward-employee.spec.ts","",""
"","0","Login Unsuccessful With Invalid Username - Đăng nhập thất bại với tài khoản không tồn tại","Chromium","Fri Jan 02 02:01:12 UTC 2026","skipped","Fri Jan 02 02:01:12 UTC 2026","Login Tests","login.spec.ts","",""
"","0","Add debt with value already exists","Chromium","Fri Jan 02 02:01:18 UTC 2026","skipped","Fri Jan 02 02:01:18 UTC 2026","Debt Tests","salary/debt.spec.ts","",""
"","88","Max length of Evaluation Criteria Name is 255 characters - Kiểm tra tiêu chí đánh giá có độ dài tối đa là 255 ký tự","Chromium","Fri Jan 02 02:01:05 UTC 2026","failed","Fri Jan 02 02:01:05 UTC 2026","Evaluation Criteria Tests - Kiểm tra tiêu chí đánh giá","evaluation/evaluation-criteria.spec.ts","",""
"","0","Edit contract type - Probation to Permanent - Chỉnh sửa hợp đồng từ thử việc sang chính thức","Chromium","Fri Jan 02 02:01:01 UTC 2026","skipped","Fri Jan 02 02:01:01 UTC 2026","Contract Tests","contract/contract.spec.ts","",""
"","0","Create level with blank name","Chromium","Fri Jan 02 02:01:12 UTC 2026","skipped","Fri Jan 02 02:01:12 UTC 2026","Level Test Suite","level.spec.ts","",""
"","0","Export 1 employee current month","Chromium","Fri Jan 02 02:01:21 UTC 2026","skipped","Fri Jan 02 02:01:21 UTC 2026","Monthly Checkin Tests - Chấm công tháng","timekeeping/monthly-checkin.spec.ts","",""
"","1","Create criteria with activity status - Tạo tiêu chí đánh giá với trạng thái hoạt động","Chromium","Fri Jan 02 02:01:05 UTC 2026","skipped","Fri Jan 02 02:01:05 UTC 2026","Evaluation Criteria Tests - Kiểm tra tiêu chí đánh giá","evaluation/evaluation-criteria.spec.ts","",""
"","0","Add annual leave already exists","Chromium","Fri Jan 02 02:01:11 UTC 2026","skipped","Fri Jan 02 02:01:11 UTC 2026","Leave Management Tests","leave/leave-management.spec.ts","",""
"","0","Test change password with current password under 6 characters","Chromium","Fri Jan 02 02:01:07 UTC 2026","skipped","Fri Jan 02 02:01:07 UTC 2026","Forgot Password Test Suite","forgot-password.spec.ts","",""
"","0","Maxlenght note 255 characters","Chromium","Fri Jan 02 02:01:20 UTC 2026","skipped","Fri Jan 02 02:01:20 UTC 2026","Team","team.spec.ts","",""
"","0","E2E - Create allowance type daily with valid data and verify","Chromium","Fri Jan 02 02:01:17 UTC 2026","skipped","Fri Jan 02 02:01:17 UTC 2026","Allowance Tests","salary/allowance.spec.ts","",""
"","0","E2E Calculate tax with 2 dependents - Kiểm tra tính thuế với 2 người phụ thuộc","Chromium","Fri Jan 02 02:01:19 UTC 2026","skipped","Fri Jan 02 02:01:19 UTC 2026","Paysheet Tests","salary/paysheet.spec.ts","",""
"","1","E2E - Create with seasonal contract and confirm contract - Tạo hợp đồng thời vụ và xác nhận hợp đồng","Chromium","Fri Jan 02 02:01:01 UTC 2026","skipped","Fri Jan 02 02:01:01 UTC 2026","Contract Tests","contract/contract.spec.ts","",""
"","0","Create with duplicate short name - Tạo chi nhánh với tên ngắn trùng","Chromium","Fri Jan 02 02:01:00 UTC 2026","skipped","Fri Jan 02 02:01:00 UTC 2026","Branch Test","branch.spec.ts","",""
"","0","Max length note over 255 character - Ghi chú tối đa 255 ký tự","Chromium","Fri Jan 02 02:01:02 UTC 2026","skipped","Fri Jan 02 02:01:02 UTC 2026","Term Tests","contract/term.spec.ts","",""
"","0","Export excel by only one paysheet - Xuất excel của 1 bảng lương","Chromium","Fri Jan 02 02:01:19 UTC 2026","skipped","Fri Jan 02 02:01:19 UTC 2026","Paysheet Tests","salary/paysheet.spec.ts","",""
"","0","Send debt and refused in employee account","Chromium","Fri Jan 02 02:01:18 UTC 2026","skipped","Fri Jan 02 02:01:18 UTC 2026","Debt Tests","salary/debt.spec.ts","",""
"","0","Edit name successfully","Chromium","Fri Jan 02 02:01:12 UTC 2026","skipped","Fri Jan 02 02:01:12 UTC 2026","Level Test Suite","level.spec.ts","",""
"","0","Edit Evaluation Criteria - Chỉnh sửa tiêu chí đánh giá","Chromium","Fri Jan 02 02:01:05 UTC 2026","skipped","Fri Jan 02 02:01:05 UTC 2026","Evaluation Criteria Tests - Kiểm tra tiêu chí đánh giá","evaluation/evaluation-criteria.spec.ts","",""
"","1","Edit end date - Chỉnh sửa ngày kết thúc","Chromium","Fri Jan 02 02:01:01 UTC 2026","skipped","Fri Jan 02 02:01:01 UTC 2026","Contract Tests","contract/contract.spec.ts","",""
"","0","Search by name - Tìm kiếm theo tên nhân viên","Chromium","Fri Jan 02 02:01:01 UTC 2026","skipped","Fri Jan 02 02:01:01 UTC 2026","Contract Tests","contract/contract.spec.ts","",""
"","0","Search by cancel status","Chromium","Fri Jan 02 02:01:10 UTC 2026","skipped","Fri Jan 02 02:01:10 UTC 2026","Leave Application Tests","leave/leave-application.spec.ts","",""
"","0","Add duplicate employee in a paysheet - Thêm nhân viên trùng trong 1 bảng lương","Chromium","Fri Jan 02 02:01:19 UTC 2026","skipped","Fri Jan 02 02:01:19 UTC 2026","Paysheet Tests","salary/paysheet.spec.ts","",""
"","0","E2E reward employee - manager send reward to admin reject","Chromium","Fri Jan 02 02:01:16 UTC 2026","skipped","Fri Jan 02 02:01:16 UTC 2026","Reward Employee Tests","reward/reward-employee.spec.ts","",""
"","0","Max lenght of reason is 255 characters","Chromium","Fri Jan 02 02:01:10 UTC 2026","skipped","Fri Jan 02 02:01:10 UTC 2026","Leave Application Tests","leave/leave-application.spec.ts","",""
"","0","Add leave application with social insurance leave and send to admin -> admin approve","Chromium","Fri Jan 02 02:01:10 UTC 2026","skipped","Fri Jan 02 02:01:10 UTC 2026","Leave Application Tests","leave/leave-application.spec.ts","",""
"","0","Search by branch","Chromium","Fri Jan 02 02:01:24 UTC 2026","skipped","Fri Jan 02 02:01:24 UTC 2026","Work Shift Tests","work_shift/work_shift.spec.ts","",""
"","0","Edit resignation reason with blank reason","Chromium","Fri Jan 02 02:01:15 UTC 2026","skipped","Fri Jan 02 02:01:15 UTC 2026","Resignation Tests","regisnation.spec.ts","",""
"","1","List evaluation - Search by status","Chromium","Fri Jan 02 02:01:05 UTC 2026","skipped","Fri Jan 02 02:01:05 UTC 2026","Evaluation Process Tests","evaluation/evaluation-process.spec.ts","",""
"","0","Search by work shift","Chromium","Fri Jan 02 02:01:23 UTC 2026","skipped","Fri Jan 02 02:01:23 UTC 2026","Shift Plan Tests","work_shift/shift_plan.spec.ts","",""
"","0","Create term with valid data - Tạo điều khoản với dữ liệu hợp lệ","Chromium","Fri Jan 02 02:01:02 UTC 2026","skipped","Fri Jan 02 02:01:02 UTC 2026","Term Tests","contract/term.spec.ts","",""
"","1","Search by status - Tìm kiếm theo trạng thái","Chromium","Fri Jan 02 02:01:01 UTC 2026","skipped","Fri Jan 02 02:01:01 UTC 2026","Contract Tests","contract/contract.spec.ts","",""
"","0","Edit with duplicate branch name - Chỉnh sửa chi nhánh với tên trùng","Chromium","Fri Jan 02 02:01:01 UTC 2026","skipped","Fri Jan 02 02:01:01 UTC 2026","Branch Test","branch.spec.ts","",""
"","0","Create Criteria without any field - Tạo tiêu chí đánh giá không nhập bất kỳ trường nào","Chromium","Fri Jan 02 02:01:05 UTC 2026","skipped","Fri Jan 02 02:01:05 UTC 2026","Evaluation Criteria Tests - Kiểm tra tiêu chí đánh giá","evaluation/evaluation-criteria.spec.ts","",""
"","1","Test max length of resume","Chromium","Fri Jan 02 02:01:04 UTC 2026","skipped","Fri Jan 02 02:01:04 UTC 2026","Employee Tests","employee.spec.ts","",""
"","0","Test change password with empty current password","Chromium","Fri Jan 02 02:01:07 UTC 2026","skipped","Fri Jan 02 02:01:07 UTC 2026","Forgot Password Test Suite","forgot-password.spec.ts","",""
"","90","Max length of reason","Chromium","Fri Jan 02 02:01:15 UTC 2026","failed","Fri Jan 02 02:01:15 UTC 2026","Resignation Tests","regisnation.spec.ts","",""
"","0","E2E Payroll and Payment Process with add more employee - Kiểm tra quy trình tính lương, thêm 1 nhân viên vào bảng lương","Chromium","Fri Jan 02 02:01:19 UTC 2026","skipped","Fri Jan 02 02:01:19 UTC 2026","Paysheet Tests","salary/paysheet.spec.ts","",""
"","0","E2E Separate payroll - Kiểm tra tách bảng lương","Chromium","Fri Jan 02 02:01:19 UTC 2026","skipped","Fri Jan 02 02:01:19 UTC 2026","Paysheet Tests","salary/paysheet.spec.ts","",""
"","0","Add leave application with regular leave and send to admin -> admin approve","Chromium","Fri Jan 02 02:01:10 UTC 2026","skipped","Fri Jan 02 02:01:10 UTC 2026","Leave Application Tests","leave/leave-application.spec.ts","",""
"","0","Delete user","Chromium","Fri Jan 02 02:01:04 UTC 2026","skipped","Fri Jan 02 02:01:04 UTC 2026","Employee Tests","employee.spec.ts","",""
"","0","E2E - Terminate contract - Chấm dứt hợp đồng","Chromium","Fri Jan 02 02:01:01 UTC 2026","skipped","Fri Jan 02 02:01:01 UTC 2026","Contract Tests","contract/contract.spec.ts","",""
"","0","Login Unsuccessful With Invalid Password - Đăng nhập thất bại với mật khẩu không chính xác","Chromium","Fri Jan 02 02:01:12 UTC 2026","skipped","Fri Jan 02 02:01:12 UTC 2026","Login Tests","login.spec.ts","",""
"","0","Edit number of employee - Chỉnh sửa số lượng nhân viên","Chromium","Fri Jan 02 02:01:01 UTC 2026","skipped","Fri Jan 02 02:01:01 UTC 2026","Branch Test","branch.spec.ts","",""
"","0","Test change password with confirmation password under 6 characters","Chromium","Fri Jan 02 02:01:07 UTC 2026","skipped","Fri Jan 02 02:01:07 UTC 2026","Forgot Password Test Suite","forgot-password.spec.ts","",""
"","0","Max lengh of name over 255 character","Chromium","Fri Jan 02 02:01:23 UTC 2026","skipped","Fri Jan 02 02:01:23 UTC 2026","Shift Plan Tests","work_shift/shift_plan.spec.ts","",""
"","0","Add with invalid email","Chromium","Fri Jan 02 02:01:04 UTC 2026","skipped","Fri Jan 02 02:01:04 UTC 2026","Employee Tests","employee.spec.ts","",""
"","0","Delete position successfully","Chromium","Fri Jan 02 02:01:14 UTC 2026","skipped","Fri Jan 02 02:01:14 UTC 2026","Position Tests","position.spec.ts","",""
"","0","Cancel debt with new status","Chromium","Fri Jan 02 02:01:18 UTC 2026","skipped","Fri Jan 02 02:01:18 UTC 2026","Debt Tests","salary/debt.spec.ts","",""
"","0","Create reward with empty description and note","Chromium","Fri Jan 02 02:01:16 UTC 2026","skipped","Fri Jan 02 02:01:16 UTC 2026","Reward Employee Tests","reward/reward-employee.spec.ts","",""
"","0","Delete Evaluation Criteria - Xóa tiêu chí đánh giá","Chromium","Fri Jan 02 02:01:05 UTC 2026","skipped","Fri Jan 02 02:01:05 UTC 2026","Evaluation Criteria Tests - Kiểm tra tiêu chí đánh giá","evaluation/evaluation-criteria.spec.ts","",""
"","0","Search by code","Chromium","Fri Jan 02 02:01:12 UTC 2026","skipped","Fri Jan 02 02:01:12 UTC 2026","Level Test Suite","level.spec.ts","",""
"","0","Edit note","Chromium","Fri Jan 02 02:01:18 UTC 2026","skipped","Fri Jan 02 02:01:18 UTC 2026","Debt Tests","salary/debt.spec.ts","",""
"","0","Create with lock status","Chromium","Fri Jan 02 02:01:03 UTC 2026","skipped","Fri Jan 02 02:01:03 UTC 2026","Department Test","department.spec.ts","",""
"","1","Edit short name - Chỉnh sửa tên ngắn","Chromium","Fri Jan 02 02:01:01 UTC 2026","skipped","Fri Jan 02 02:01:01 UTC 2026","Branch Test","branch.spec.ts","",""
"","0","Edit Time Out","Chromium","Fri Jan 02 02:01:22 UTC 2026","skipped","Fri Jan 02 02:01:22 UTC 2026","Overtime Ticket Test Suite","timekeeping/overtime-ticket.spec.ts","",""
"","0","Add employee just check in at least once in a day","Chromium","Fri Jan 02 02:01:04 UTC 2026","skipped","Fri Jan 02 02:01:04 UTC 2026","Employee Tests","employee.spec.ts","",""
"","0","Search by evaluation type","Chromium","Fri Jan 02 02:01:05 UTC 2026","skipped","Fri Jan 02 02:01:05 UTC 2026","Evaluation Process Tests","evaluation/evaluation-process.spec.ts","",""
"","0","Check validation required add with blank field","Chromium","Fri Jan 02 02:01:08 UTC 2026","skipped","Fri Jan 02 02:01:08 UTC 2026","Holiday Management","holiday-management.spec.ts","",""
"","1","Admin reject leave application","Chromium","Fri Jan 02 02:01:10 UTC 2026","skipped","Fri Jan 02 02:01:10 UTC 2026","Leave Application Tests","leave/leave-application.spec.ts","",""
"","0","Edit note successfully","Chromium","Fri Jan 02 02:01:03 UTC 2026","skipped","Fri Jan 02 02:01:03 UTC 2026","Department Test","department.spec.ts","",""
"","0","Edit position name and note successfully","Chromium","Fri Jan 02 02:01:14 UTC 2026","skipped","Fri Jan 02 02:01:14 UTC 2026","Position Tests","position.spec.ts","",""
"","1","Test forgot password with valid email","Chromium","Fri Jan 02 02:01:07 UTC 2026","skipped","Fri Jan 02 02:01:07 UTC 2026","Forgot Password Test Suite","forgot-password.spec.ts","",""
"","0","Edit activity status to lock","Chromium","Fri Jan 02 02:01:16 UTC 2026","skipped","Fri Jan 02 02:01:16 UTC 2026","Reward Type Tests","reward/reward-type.spec.ts","",""
"","0","E2E Calculate tax with dependents expired - Kiểm tra tính thuế khi NPT hết hạn giảm trừ","Chromium","Fri Jan 02 02:01:19 UTC 2026","skipped","Fri Jan 02 02:01:19 UTC 2026","Paysheet Tests","salary/paysheet.spec.ts","",""
"","0","Edit day of leave application","Chromium","Fri Jan 02 02:01:10 UTC 2026","skipped","Fri Jan 02 02:01:10 UTC 2026","Leave Application Tests","leave/leave-application.spec.ts","",""
"","0","Send notification to department","Chromium","Fri Jan 02 02:01:13 UTC 2026","skipped","Fri Jan 02 02:01:13 UTC 2026","Notification Test Suite","notification/notifition.spec.ts","",""
"","0","Add with basic information and set salary by date","Chromium","Fri Jan 02 02:01:04 UTC 2026","skipped","Fri Jan 02 02:01:04 UTC 2026","Employee Tests","employee.spec.ts","",""
"","0","Export resignation requests to Excel","Chromium","Fri Jan 02 02:01:15 UTC 2026","skipped","Fri Jan 02 02:01:15 UTC 2026","Resignation Tests","regisnation.spec.ts","",""
"","0","Test change password with mismatched new password and confirmation password","Chromium","Fri Jan 02 02:01:07 UTC 2026","skipped","Fri Jan 02 02:01:07 UTC 2026","Forgot Password Test Suite","forgot-password.spec.ts","",""
"","1","Max length name over 255 character - Tên tối đa 255 ký tự","Chromium","Fri Jan 02 02:01:02 UTC 2026","skipped","Fri Jan 02 02:01:02 UTC 2026","Term Tests","contract/term.spec.ts","",""
"","0","Search by rejected status","Chromium","Fri Jan 02 02:01:10 UTC 2026","skipped","Fri Jan 02 02:01:10 UTC 2026","Leave Application Tests","leave/leave-application.spec.ts","",""
"","0","Edit position active to lock status","Chromium","Fri Jan 02 02:01:14 UTC 2026","skipped","Fri Jan 02 02:01:14 UTC 2026","Position Tests","position.spec.ts","",""
"","0","E2E - Complete resignation reject process","Chromium","Fri Jan 02 02:01:15 UTC 2026","skipped","Fri Jan 02 02:01:15 UTC 2026","Resignation Tests","regisnation.spec.ts","",""
"","0","Edit active status to lock status","Chromium","Fri Jan 02 02:01:12 UTC 2026","skipped","Fri Jan 02 02:01:12 UTC 2026","Level Test Suite","level.spec.ts","",""
"","0","Maxleght team name 256 characters","Chromium","Fri Jan 02 02:01:20 UTC 2026","skipped","Fri Jan 02 02:01:20 UTC 2026","Team","team.spec.ts","",""
"","0","Search by name and status","Chromium","Fri Jan 02 02:01:16 UTC 2026","skipped","Fri Jan 02 02:01:16 UTC 2026","Reward Type Tests","reward/reward-type.spec.ts","",""
"","0","Save team without filling in any information","Chromium","Fri Jan 02 02:01:20 UTC 2026","skipped","Fri Jan 02 02:01:20 UTC 2026","Team","team.spec.ts","",""
"","0","E2E Calculate salary with 1 day regular leave - Kiểm tra tính lương khi có 1 ngày nghỉ thường","Chromium","Fri Jan 02 02:01:19 UTC 2026","skipped","Fri Jan 02 02:01:19 UTC 2026","Paysheet Tests","salary/paysheet.spec.ts","",""
"","0","Add reward type with valid data","Chromium","Fri Jan 02 02:01:16 UTC 2026","skipped","Fri Jan 02 02:01:16 UTC 2026","Reward Type Tests","reward/reward-type.spec.ts","",""
"","0","Delete Overtime Ticket","Chromium","Fri Jan 02 02:01:22 UTC 2026","skipped","Fri Jan 02 02:01:22 UTC 2026","Overtime Ticket Test Suite","timekeeping/overtime-ticket.spec.ts","",""
"","1","Edit - with only click save","Chromium","Fri Jan 02 02:01:22 UTC 2026","skipped","Fri Jan 02 02:01:22 UTC 2026","Overtime Ticket Test Suite","timekeeping/overtime-ticket.spec.ts","",""
"","1","Create with duplicate branch name - Tạo chi nhánh với tên trùng","Chromium","Fri Jan 02 02:01:00 UTC 2026","skipped","Fri Jan 02 02:01:00 UTC 2026","Branch Test","branch.spec.ts","",""
"","0","Add annual leave with status wait for approval and admin browsed","Chromium","Fri Jan 02 02:01:11 UTC 2026","skipped","Fri Jan 02 02:01:11 UTC 2026","Leave Management Tests","leave/leave-management.spec.ts","",""
"","0","E2E - Edit Pending Overtime Ticket When Rejected - Chỉnh sửa đơn tăng ca khi bị từ chối","Chromium","Fri Jan 02 02:01:22 UTC 2026","skipped","Fri Jan 02 02:01:22 UTC 2026","Overtime Ticket Test Suite","timekeeping/overtime-ticket.spec.ts","",""
"","0","Add without set salary","Chromium","Fri Jan 02 02:01:04 UTC 2026","skipped","Fri Jan 02 02:01:04 UTC 2026","Employee Tests","employee.spec.ts","",""
"","0","Max length of branch address 500 characters","Chromium","Fri Jan 02 02:01:01 UTC 2026","skipped","Fri Jan 02 02:01:01 UTC 2026","Branch Test","branch.spec.ts","",""
"","0","Max length of branch name over 255 characters","Chromium","Fri Jan 02 02:01:01 UTC 2026","skipped","Fri Jan 02 02:01:01 UTC 2026","Branch Test","branch.spec.ts","",""
"","1","Add new resignation and send","Chromium","Fri Jan 02 02:01:15 UTC 2026","skipped","Fri Jan 02 02:01:15 UTC 2026","Resignation Tests","regisnation.spec.ts","",""
"","0","Edit note - Chỉnh sửa ghi chú","Chromium","Fri Jan 02 02:01:01 UTC 2026","skipped","Fri Jan 02 02:01:01 UTC 2026","Contract Tests","contract/contract.spec.ts","",""
"","0","Max length reason holiday management over 255 characters","Chromium","Fri Jan 02 02:01:08 UTC 2026","skipped","Fri Jan 02 02:01:08 UTC 2026","Holiday Management","holiday-management.spec.ts","",""
"","0","Search by reward type","Chromium","Fri Jan 02 02:01:16 UTC 2026","skipped","Fri Jan 02 02:01:16 UTC 2026","Reward Employee Tests","reward/reward-employee.spec.ts","",""
"","0","Max length of allowance over 255 characters","Chromium","Fri Jan 02 02:01:17 UTC 2026","skipped","Fri Jan 02 02:01:17 UTC 2026","Allowance Tests","salary/allowance.spec.ts","",""
"","89","Create with lock status","Chromium","Fri Jan 02 02:01:12 UTC 2026","failed","Fri Jan 02 02:01:12 UTC 2026","Level Test Suite","level.spec.ts","",""
"","1","Search by approve status","Chromium","Fri Jan 02 02:01:11 UTC 2026","skipped","Fri Jan 02 02:01:11 UTC 2026","Leave Management Tests","leave/leave-management.spec.ts","",""
"","0","Create contract with no select term and blank note - Tạo hợp đồng không chọn điều khoản và ghi chú rỗng","Chromium","Fri Jan 02 02:01:01 UTC 2026","skipped","Fri Jan 02 02:01:01 UTC 2026","Contract Tests","contract/contract.spec.ts","",""
"","1669","Add annual leave for a employee and manager browsed - Tạo đơn xin nghỉ phép năm cho nhân viên duyệt","Chromium","Fri Jan 02 02:01:08 UTC 2026","failed","Fri Jan 02 02:01:10 UTC 2026","Leave Application Tests","leave/leave-application.spec.ts","",""
"","0","Edit branch name - Chỉnh sửa tên chi nhánh","Chromium","Fri Jan 02 02:01:01 UTC 2026","skipped","Fri Jan 02 02:01:01 UTC 2026","Branch Test","branch.spec.ts","",""
"","89","Max length of work shift name is 255 characters","Chromium","Fri Jan 02 02:01:23 UTC 2026","failed","Fri Jan 02 02:01:24 UTC 2026","Work Shift Tests","work_shift/work_shift.spec.ts","",""
"","91","Export all employees current month","Chromium","Fri Jan 02 02:01:21 UTC 2026","failed","Fri Jan 02 02:01:21 UTC 2026","Monthly Checkin Tests - Chấm công tháng","timekeeping/monthly-checkin.spec.ts","",""
"","1","Delete level successfully","Chromium","Fri Jan 02 02:01:12 UTC 2026","skipped","Fri Jan 02 02:01:12 UTC 2026","Level Test Suite","level.spec.ts","",""
"","1","Add after cancel evaluation","Chromium","Fri Jan 02 02:01:05 UTC 2026","skipped","Fri Jan 02 02:01:05 UTC 2026","Evaluation Process Tests","evaluation/evaluation-process.spec.ts","",""
"","0","Max length of Evaluation Criteria Description over 500 characters - Kiểm tra tiêu chí đánh giá có độ dài lớn hơn 500 ký tự","Chromium","Fri Jan 02 02:01:05 UTC 2026","skipped","Fri Jan 02 02:01:05 UTC 2026","Evaluation Criteria Tests - Kiểm tra tiêu chí đánh giá","evaluation/evaluation-criteria.spec.ts","",""
"","1","Edit status - Chỉnh sửa trạng thái","Chromium","Fri Jan 02 02:01:02 UTC 2026","skipped","Fri Jan 02 02:01:02 UTC 2026","Term Tests","contract/term.spec.ts","",""
"","88","Max length name and reason holiday management 255 characters","Chromium","Fri Jan 02 02:01:08 UTC 2026","failed","Fri Jan 02 02:01:08 UTC 2026","Holiday Management","holiday-management.spec.ts","",""
"","0","Add new notification with event notification type","Chromium","Fri Jan 02 02:01:13 UTC 2026","skipped","Fri Jan 02 02:01:13 UTC 2026","Notification Test Suite","notification/notifition.spec.ts","",""
"","1","Cancel payslip","Chromium","Fri Jan 02 02:01:20 UTC 2026","skipped","Fri Jan 02 02:01:20 UTC 2026","Payslip Tests","salary/payslip.spec.ts","",""
"","89","Max length of reward name is 255 characters","Chromium","Fri Jan 02 02:01:15 UTC 2026","failed","Fri Jan 02 02:01:16 UTC 2026","Reward Employee Tests","reward/reward-employee.spec.ts","",""
"","0","Delete department successfully","Chromium","Fri Jan 02 02:01:03 UTC 2026","skipped","Fri Jan 02 02:01:03 UTC 2026","Department Test","department.spec.ts","",""
"","0","Edit name of shift plan","Chromium","Fri Jan 02 02:01:23 UTC 2026","skipped","Fri Jan 02 02:01:23 UTC 2026","Shift Plan Tests","work_shift/shift_plan.spec.ts","",""
"","1","Edit note","Chromium","Fri Jan 02 02:01:20 UTC 2026","skipped","Fri Jan 02 02:01:20 UTC 2026","Team","team.spec.ts","",""
"","1","E2E Calculate salary with 1 day annual leave - Kiểm tra tính lương khi có 1 ngày nghỉ phép năm","Chromium","Fri Jan 02 02:01:19 UTC 2026","skipped","Fri Jan 02 02:01:19 UTC 2026","Paysheet Tests","salary/paysheet.spec.ts","",""
"","0","Max length of note 500 characters","Chromium","Fri Jan 02 02:01:01 UTC 2026","skipped","Fri Jan 02 02:01:01 UTC 2026","Branch Test","branch.spec.ts","",""
"","1","Max length of description over 500 characters","Chromium","Fri Jan 02 02:01:16 UTC 2026","skipped","Fri Jan 02 02:01:16 UTC 2026","Reward Employee Tests","reward/reward-employee.spec.ts","",""
"","0","E2E Calculate tax with 1 dependents - Kiểm tra tính thuế khi có 1 người phụ thuộc","Chromium","Fri Jan 02 02:01:19 UTC 2026","skipped","Fri Jan 02 02:01:19 UTC 2026","Paysheet Tests","salary/paysheet.spec.ts","",""
"","0","Max length of note over 255 characters","Chromium","Fri Jan 02 02:01:18 UTC 2026","skipped","Fri Jan 02 02:01:18 UTC 2026","Debt Tests","salary/debt.spec.ts","",""
"","1","Add new notification with empty name and description","Chromium","Fri Jan 02 02:01:13 UTC 2026","skipped","Fri Jan 02 02:01:13 UTC 2026","Notification Test Suite","notification/notifition.spec.ts","",""
"","0","Create with blank name and reason","Chromium","Fri Jan 02 02:01:22 UTC 2026","skipped","Fri Jan 02 02:01:22 UTC 2026","Overtime Ticket Test Suite","timekeeping/overtime-ticket.spec.ts","",""
"","0","Maxlength of reason 255 characters","Chromium","Fri Jan 02 02:01:22 UTC 2026","skipped","Fri Jan 02 02:01:22 UTC 2026","Overtime Ticket Test Suite","timekeeping/overtime-ticket.spec.ts","",""
"","0","Delete notification","Chromium","Fri Jan 02 02:01:13 UTC 2026","skipped","Fri Jan 02 02:01:13 UTC 2026","Notification Test Suite","notification/notifition.spec.ts","",""
"","0","Delete dependents - Xóa người phụ thuộc","Chromium","Fri Jan 02 02:01:04 UTC 2026","skipped","Fri Jan 02 02:01:04 UTC 2026","Employee Tests","employee.spec.ts","",""
"","1","Add a dependents fill all information - Thêm một người phụ thuộc nhập đầy đủ thông tin","Chromium","Fri Jan 02 02:01:04 UTC 2026","skipped","Fri Jan 02 02:01:04 UTC 2026","Employee Tests","employee.spec.ts","",""
"","0","Search by name","Chromium","Fri Jan 02 02:01:23 UTC 2026","skipped","Fri Jan 02 02:01:23 UTC 2026","Shift Plan Tests","work_shift/shift_plan.spec.ts","",""
"","1","Search with no data","Chromium","Fri Jan 02 02:01:12 UTC 2026","skipped","Fri Jan 02 02:01:12 UTC 2026","Level Test Suite","level.spec.ts","",""
"","0","Add leave application with end date after start date - Thêm đơn xin nghỉ phép có ngày kết thúc sau ngày bắt đầu","Chromium","Fri Jan 02 02:01:10 UTC 2026","skipped","Fri Jan 02 02:01:10 UTC 2026","Leave Application Tests","leave/leave-application.spec.ts","",""
"","0","Add debt with valid value","Chromium","Fri Jan 02 02:01:18 UTC 2026","skipped","Fri Jan 02 02:01:18 UTC 2026","Debt Tests","salary/debt.spec.ts","",""
"","0","Max length of all fields","Chromium","Fri Jan 02 02:01:04 UTC 2026","skipped","Fri Jan 02 02:01:04 UTC 2026","Employee Tests","employee.spec.ts","",""
"","0","Add with blank reason","Chromium","Fri Jan 02 02:01:08 UTC 2026","skipped","Fri Jan 02 02:01:08 UTC 2026","Holiday Management","holiday-management.spec.ts","",""
"","0","Create department with valid data","Chromium","Fri Jan 02 02:01:03 UTC 2026","skipped","Fri Jan 02 02:01:03 UTC 2026","Department Test","department.spec.ts","",""
"","0","Add Reward Type with lock status","Chromium","Fri Jan 02 02:01:16 UTC 2026","skipped","Fri Jan 02 02:01:16 UTC 2026","Reward Type Tests","reward/reward-type.spec.ts","",""
"","0","Create with blank data - Tạo chi nhánh với dữ liệu rỗng","Chromium","Fri Jan 02 02:01:00 UTC 2026","skipped","Fri Jan 02 02:01:00 UTC 2026","Branch Test","branch.spec.ts","",""
"","0","Max length name holiday management over 255 characters","Chromium","Fri Jan 02 02:01:08 UTC 2026","skipped","Fri Jan 02 02:01:08 UTC 2026","Holiday Management","holiday-management.spec.ts","",""
"","1","Add with blank name","Chromium","Fri Jan 02 02:01:08 UTC 2026","skipped","Fri Jan 02 02:01:08 UTC 2026","Holiday Management","holiday-management.spec.ts","",""
"","0","Test change password with new password under 6 characters","Chromium","Fri Jan 02 02:01:07 UTC 2026","skipped","Fri Jan 02 02:01:07 UTC 2026","Forgot Password Test Suite","forgot-password.spec.ts","",""
"","0","Delete Holiday","Chromium","Fri Jan 02 02:01:08 UTC 2026","skipped","Fri Jan 02 02:01:08 UTC 2026","Holiday Management","holiday-management.spec.ts","",""
"","0","Cancel resignation","Chromium","Fri Jan 02 02:01:15 UTC 2026","skipped","Fri Jan 02 02:01:15 UTC 2026","Resignation Tests","regisnation.spec.ts","",""
"","0","Search by new status","Chromium","Fri Jan 02 02:01:11 UTC 2026","skipped","Fri Jan 02 02:01:11 UTC 2026","Leave Management Tests","leave/leave-management.spec.ts","",""
"","0","Test resume with full data valid information","Chromium","Fri Jan 02 02:01:04 UTC 2026","skipped","Fri Jan 02 02:01:04 UTC 2026","Employee Tests","employee.spec.ts","",""
"","1","Search by date","Chromium","Fri Jan 02 02:01:16 UTC 2026","skipped","Fri Jan 02 02:01:16 UTC 2026","Reward Employee Tests","reward/reward-employee.spec.ts","",""
"","0","Search by employee name","Chromium","Fri Jan 02 02:01:05 UTC 2026","skipped","Fri Jan 02 02:01:05 UTC 2026","Evaluation Process Tests","evaluation/evaluation-process.spec.ts","",""
"","0","Create a new team with existing team code","Chromium","Fri Jan 02 02:01:20 UTC 2026","skipped","Fri Jan 02 02:01:20 UTC 2026","Team","team.spec.ts","",""
"","0","Search by employee name","Chromium","Fri Jan 02 02:01:16 UTC 2026","skipped","Fri Jan 02 02:01:16 UTC 2026","Reward Employee Tests","reward/reward-employee.spec.ts","",""
"","0","E2E update salary in paysheet - Kiểm tra chỉnh sửa lương trong bảng lương","Chromium","Fri Jan 02 02:01:19 UTC 2026","skipped","Fri Jan 02 02:01:19 UTC 2026","Paysheet Tests","salary/paysheet.spec.ts","",""
"","1","Edit employee code","Chromium","Fri Jan 02 02:01:04 UTC 2026","skipped","Fri Jan 02 02:01:04 UTC 2026","Employee Tests","employee.spec.ts","",""
"","0","Edit name with blank name","Chromium","Fri Jan 02 02:01:12 UTC 2026","skipped","Fri Jan 02 02:01:12 UTC 2026","Level Test Suite","level.spec.ts","",""
"","0","Delete team","Chromium","Fri Jan 02 02:01:20 UTC 2026","skipped","Fri Jan 02 02:01:20 UTC 2026","Team","team.spec.ts","",""
"","0","Create term with lock status - Tạo điều khoản với trạng thái khóa","Chromium","Fri Jan 02 02:01:02 UTC 2026","skipped","Fri Jan 02 02:01:02 UTC 2026","Term Tests","contract/term.spec.ts","",""
"","0","Add leave application with special leave and send to admin -> admin approve","Chromium","Fri Jan 02 02:01:10 UTC 2026","skipped","Fri Jan 02 02:01:10 UTC 2026","Leave Application Tests","leave/leave-application.spec.ts","",""
"","0","Search by status","Chromium","Fri Jan 02 02:01:16 UTC 2026","skipped","Fri Jan 02 02:01:16 UTC 2026","Reward Employee Tests","reward/reward-employee.spec.ts","",""
"","0","Max length of reward type description is 500 characters","Chromium","Fri Jan 02 02:01:16 UTC 2026","skipped","Fri Jan 02 02:01:16 UTC 2026","Reward Type Tests","reward/reward-type.spec.ts","",""
"","0","Search by name no existed","Chromium","Fri Jan 02 02:01:14 UTC 2026","skipped","Fri Jan 02 02:01:14 UTC 2026","Position Tests","position.spec.ts","",""
"","0","Login Unsuccessful With Invalid Credentials - Đăng nhập thất bại với tài khoản không tồn tại","Chromium","Fri Jan 02 02:01:12 UTC 2026","skipped","Fri Jan 02 02:01:12 UTC 2026","Login Tests","login.spec.ts","",""
"","0","Max lenghth of evaluation type name over 255 characters - Kiểm tra tên loại đánh giá có độ dài lớn hơn 255 ký tự","Chromium","Fri Jan 02 02:01:06 UTC 2026","skipped","Fri Jan 02 02:01:06 UTC 2026","Evaluation Type Tests","evaluation/evaluation-type.spec.ts","",""
"","0","Search by status","Chromium","Fri Jan 02 02:01:12 UTC 2026","skipped","Fri Jan 02 02:01:12 UTC 2026","Level Test Suite","level.spec.ts","",""
"","0","Add leave application with annual leave and send to admin -> admin approve","Chromium","Fri Jan 02 02:01:10 UTC 2026","skipped","Fri Jan 02 02:01:10 UTC 2026","Leave Application Tests","leave/leave-application.spec.ts","",""
"","0","Add Paysheet Without Name - Tạo bảng lương không nhập tên","Chromium","Fri Jan 02 02:01:19 UTC 2026","skipped","Fri Jan 02 02:01:19 UTC 2026","Paysheet Tests","salary/paysheet.spec.ts","",""
"","0","Search with no data","Chromium","Fri Jan 02 02:01:03 UTC 2026","skipped","Fri Jan 02 02:01:03 UTC 2026","Department Test","department.spec.ts","",""
"","0","E2E - Add with role employee","Chromium","Fri Jan 02 02:01:04 UTC 2026","skipped","Fri Jan 02 02:01:04 UTC 2026","Employee Tests","employee.spec.ts","",""
"","0","Search by name","Chromium","Fri Jan 02 02:01:12 UTC 2026","skipped","Fri Jan 02 02:01:12 UTC 2026","Level Test Suite","level.spec.ts","",""
"","1","Add annual leave for an employee and employee browsed","Chromium","Fri Jan 02 02:01:11 UTC 2026","skipped","Fri Jan 02 02:01:11 UTC 2026","Leave Management Tests","leave/leave-management.spec.ts","",""
"","0","Export excel by last month - Xuất excel của tháng trước","Chromium","Fri Jan 02 02:01:19 UTC 2026","skipped","Fri Jan 02 02:01:19 UTC 2026","Paysheet Tests","salary/paysheet.spec.ts","",""
"","0","Edit branch address - Chỉnh sửa địa chỉ chi nhánh","Chromium","Fri Jan 02 02:01:01 UTC 2026","skipped","Fri Jan 02 02:01:01 UTC 2026","Branch Test","branch.spec.ts","",""
"","0","Cancel reward","Chromium","Fri Jan 02 02:01:16 UTC 2026","skipped","Fri Jan 02 02:01:16 UTC 2026","Reward Employee Tests","reward/reward-employee.spec.ts","",""
"","0","Search by maternity leave application","Chromium","Fri Jan 02 02:01:10 UTC 2026","skipped","Fri Jan 02 02:01:10 UTC 2026","Leave Application Tests","leave/leave-application.spec.ts","",""
"","0","Edit lock status to active status","Chromium","Fri Jan 02 02:01:12 UTC 2026","skipped","Fri Jan 02 02:01:12 UTC 2026","Level Test Suite","level.spec.ts","",""
"","0","Create with min number of employee - Tạo chi nhánh với số lượng nhân viên nhỏ hơn 100","Chromium","Fri Jan 02 02:01:00 UTC 2026","skipped","Fri Jan 02 02:01:00 UTC 2026","Branch Test","branch.spec.ts","",""
"","0","Create department with duplicate name","Chromium","Fri Jan 02 02:01:03 UTC 2026","skipped","Fri Jan 02 02:01:03 UTC 2026","Department Test","department.spec.ts","",""
"","0","Edit code successfully","Chromium","Fri Jan 02 02:01:12 UTC 2026","skipped","Fri Jan 02 02:01:12 UTC 2026","Level Test Suite","level.spec.ts","",""
"","0","Create level with blank note","Chromium","Fri Jan 02 02:01:12 UTC 2026","skipped","Fri Jan 02 02:01:12 UTC 2026","Level Test Suite","level.spec.ts","",""
"","0","Send notification to company","Chromium","Fri Jan 02 02:01:13 UTC 2026","skipped","Fri Jan 02 02:01:13 UTC 2026","Notification Test Suite","notification/notifition.spec.ts","",""
"","1","Search by department","Chromium","Fri Jan 02 02:01:04 UTC 2026","skipped","Fri Jan 02 02:01:04 UTC 2026","Employee Tests","employee.spec.ts","",""
"","1","Create with blank address and note - Tạo chi nhánh với địa chỉ và ghi chú rỗng","Chromium","Fri Jan 02 02:01:00 UTC 2026","skipped","Fri Jan 02 02:01:00 UTC 2026","Branch Test","branch.spec.ts","",""
"","0","Max length of note over 500 characters","Chromium","Fri Jan 02 02:01:01 UTC 2026","skipped","Fri Jan 02 02:01:01 UTC 2026","Branch Test","branch.spec.ts","",""
"","0","Delete leave application","Chromium","Fri Jan 02 02:01:10 UTC 2026","skipped","Fri Jan 02 02:01:10 UTC 2026","Leave Application Tests","leave/leave-application.spec.ts","",""
"","0","Create department with empty name","Chromium","Fri Jan 02 02:01:03 UTC 2026","skipped","Fri Jan 02 02:01:03 UTC 2026","Department Test","department.spec.ts","",""
"","0","Login Unsuccessful With Empty Password - Đăng nhập thất bại với mật khẩu rỗng","Chromium","Fri Jan 02 02:01:12 UTC 2026","skipped","Fri Jan 02 02:01:12 UTC 2026","Login Tests","login.spec.ts","",""
"","0","Navigate from Monthly Checkin to History Checkin","Chromium","Fri Jan 02 02:01:21 UTC 2026","skipped","Fri Jan 02 02:01:21 UTC 2026","Monthly Checkin Tests - Chấm công tháng","timekeeping/monthly-checkin.spec.ts","",""
"","89","Maxlenght name with 255 characters","Chromium","Fri Jan 02 02:01:03 UTC 2026","failed","Fri Jan 02 02:01:03 UTC 2026","Department Test","department.spec.ts","",""
"","0","Edit department note with empty note","Chromium","Fri Jan 02 02:01:03 UTC 2026","skipped","Fri Jan 02 02:01:03 UTC 2026","Department Test","department.spec.ts","",""
"","0","Search by approved status","Chromium","Fri Jan 02 02:01:10 UTC 2026","skipped","Fri Jan 02 02:01:10 UTC 2026","Leave Application Tests","leave/leave-application.spec.ts","",""
"","0","Add new notification with urgent notification type","Chromium","Fri Jan 02 02:01:13 UTC 2026","skipped","Fri Jan 02 02:01:13 UTC 2026","Notification Test Suite","notification/notifition.spec.ts","",""
"","0","Search by employee code and name","Chromium","Fri Jan 02 02:01:04 UTC 2026","skipped","Fri Jan 02 02:01:04 UTC 2026","Employee Tests","employee.spec.ts","",""
"","0","Max length of Evaluation Criteria Name over 255 characters - Kiểm tra tiêu chí đánh giá có độ dài lớn hơn 255 ký tự","Chromium","Fri Jan 02 02:01:05 UTC 2026","skipped","Fri Jan 02 02:01:05 UTC 2026","Evaluation Criteria Tests - Kiểm tra tiêu chí đánh giá","evaluation/evaluation-criteria.spec.ts","",""
"","0","Max length of reward type name is 256 characters","Chromium","Fri Jan 02 02:01:16 UTC 2026","skipped","Fri Jan 02 02:01:16 UTC 2026","Reward Type Tests","reward/reward-type.spec.ts","",""
"","1","Maxlenght team code 101 characters","Chromium","Fri Jan 02 02:01:20 UTC 2026","skipped","Fri Jan 02 02:01:20 UTC 2026","Team","team.spec.ts","",""
"","0","Max lenght of reason over 255 characters","Chromium","Fri Jan 02 02:01:10 UTC 2026","skipped","Fri Jan 02 02:01:10 UTC 2026","Leave Application Tests","leave/leave-application.spec.ts","",""
"","0","Max length of note is 500 characters","Chromium","Fri Jan 02 02:01:16 UTC 2026","skipped","Fri Jan 02 02:01:16 UTC 2026","Reward Employee Tests","reward/reward-employee.spec.ts","",""
"","0","Create reward with chosse day reward","Chromium","Fri Jan 02 02:01:16 UTC 2026","skipped","Fri Jan 02 02:01:16 UTC 2026","Reward Employee Tests","reward/reward-employee.spec.ts","",""
"","92","Max length of note 255 characters","Chromium","Fri Jan 02 02:01:18 UTC 2026","failed","Fri Jan 02 02:01:18 UTC 2026","Debt Tests","salary/debt.spec.ts","",""
"","0","Search by anual leave application","Chromium","Fri Jan 02 02:01:10 UTC 2026","skipped","Fri Jan 02 02:01:10 UTC 2026","Leave Application Tests","leave/leave-application.spec.ts","",""
"","0","E2E - Complete resignation approval process","Chromium","Fri Jan 02 02:01:15 UTC 2026","skipped","Fri Jan 02 02:01:15 UTC 2026","Resignation Tests","regisnation.spec.ts","",""
"","1","Send debt and browse","Chromium","Fri Jan 02 02:01:18 UTC 2026","skipped","Fri Jan 02 02:01:18 UTC 2026","Debt Tests","salary/debt.spec.ts","",""
"","0","Edit code with duplicate code","Chromium","Fri Jan 02 02:01:12 UTC 2026","skipped","Fri Jan 02 02:01:12 UTC 2026","Level Test Suite","level.spec.ts","",""
"","0","Maxlength note paysheet 255 characters","Chromium","Fri Jan 02 02:01:19 UTC 2026","skipped","Fri Jan 02 02:01:19 UTC 2026","Paysheet Tests","salary/paysheet.spec.ts","",""
"","0","Add with duplicate employee code and email","Chromium","Fri Jan 02 02:01:04 UTC 2026","skipped","Fri Jan 02 02:01:04 UTC 2026","Employee Tests","employee.spec.ts","",""
"","99","Test forgot password with empty email","Chromium","Fri Jan 02 02:01:07 UTC 2026","failed","Fri Jan 02 02:01:07 UTC 2026","Forgot Password Test Suite","forgot-password.spec.ts","",""
"","0","E2E Flow - admin monthly approval, monthly closing at history checkin page","Chromium","Fri Jan 02 02:01:21 UTC 2026","skipped","Fri Jan 02 02:01:21 UTC 2026","Monthly Checkin Tests - Chấm công tháng","timekeeping/monthly-checkin.spec.ts","",""
"","0","Add a dependents but not fill name - Thêm một người phụ thuộc không nhập họ tên","Chromium","Fri Jan 02 02:01:04 UTC 2026","skipped","Fri Jan 02 02:01:04 UTC 2026","Employee Tests","employee.spec.ts","",""
"","0","Update dependents - Chỉnh sửa thông tin người phụ thuộc","Chromium","Fri Jan 02 02:01:04 UTC 2026","skipped","Fri Jan 02 02:01:04 UTC 2026","Employee Tests","employee.spec.ts","",""
"","0","Search by employee name and year","Chromium","Fri Jan 02 02:01:11 UTC 2026","skipped","Fri Jan 02 02:01:11 UTC 2026","Leave Management Tests","leave/leave-management.spec.ts","",""
"","0","Edit lock status to active status - Chỉnh sửa trạng thái chi nhánh từ khóa sang hoạt động","Chromium","Fri Jan 02 02:01:01 UTC 2026","skipped","Fri Jan 02 02:01:01 UTC 2026","Branch Test","branch.spec.ts","",""
"","87","Create a new team - Tạo mới một nhóm","Chromium","Fri Jan 02 02:01:20 UTC 2026","failed","Fri Jan 02 02:01:20 UTC 2026","Team","team.spec.ts","",""
"","88","Save with empty data","Chromium","Fri Jan 02 02:01:17 UTC 2026","failed","Fri Jan 02 02:01:17 UTC 2026","Allowance Tests","salary/allowance.spec.ts","",""
"","1","Add leave application with maternity leave and send to admin -> admin approve","Chromium","Fri Jan 02 02:01:10 UTC 2026","skipped","Fri Jan 02 02:01:10 UTC 2026","Leave Application Tests","leave/leave-application.spec.ts","",""
"","0","Max length of short name over 50 characters","Chromium","Fri Jan 02 02:01:01 UTC 2026","skipped","Fri Jan 02 02:01:01 UTC 2026","Branch Test","branch.spec.ts","",""
